27.1.2018 8:11:01,C,3.672
27.1.2018 8:21:01,C,3.735
27.1.2018 8:31:01,C,3.798
27.1.2018 8:41:01,C,3.861
27.1.2018 8:51:01,C,3.924
27.1.2018 9:01:01,C,3.924
27.1.2018 9:11:01,C,3.987
27.1.2018 9:21:01,C,3.987
27.1.2018 9:31:01,C,4.05
27.1.2018 9:41:01,C,4.176
27.1.2018 9:51:01,C,4.176
27.1.2018 10:01:01,C,4.176
27.1.2018 10:11:01,C,4.302
27.1.2018 10:21:01,C,4.428
27.1.2018 10:31:01,C,4.428
27.1.2018 10:41:01,C,4,491
27.1.2018 10:51:01,C,4,617
27.1.2018 11:01:01,C,4,679
27.1.2018 11:11:01,C,4,805
27.1.2018 11:21:01,C,4,868
27.1.2018 11:31:01,C,4,931
27.1.2018 11:41:01,C,4,994
27.1.2018 11:51:01,C,4,994
27.1.2018 12:01:01,C,5,183
27.1.2018 12:11:01,C,5,309
27.1.2018 12:21:01,C,5,435
27.1.2018 12:31:01,C,5,56
27.1.2018 12:41:01,C,5,812
27.1.2018 12:51:01,C,6,001
27.1.2018 13:01:01,C,5,938
27.1.2018 13:11:01,C,6,126
27.1.2018 13:21:01,C,6,315
27.1.2018 13:31:01,C,6,504
27.1.2018 13:41:01,C,6,63
27.1.2018 13:51:01,C,6,693
27.1.2018 14:01:01,C,6,944
27.1.2018 14:11:01,C,6,881
27.1.2018 14:21:01,C,6,944
27.1.2018 14:31:01,C,7,07
27.1.2018 14:41:01,C,7,573
27.1.2018 14:51:01,C,7,321
27.1.2018 15:01:01,C,7,321
27.1.2018 15:11:01,C,7,636
27.1.2018 15:21:01,C,7,573
27.1.2018 15:31:01,C,7,636
27.1.2018 15:41:01,C,7,699
27.1.2018 15:51:01,C,7,824
27.1.2018 16:01:01,C,7,824
27.1.2018 16:11:01,C,8,139
27.1.2018 16:21:01,C,8,013
27.1.2018 16:31:01,C,8,201
27.1.2018 16:41:01,C,7,887
27.1.2018 16:51:01,C,8,264
27.1.2018 17:01:01,C,8,579
27.1.2018 17:11:01,C,8,453
27.1.2018 17:21:01,C,8,39
27.1.2018 17:31:01,C,8,39
27.1.2018 17:41:01,C,8,39
27.1.2018 17:51:01,C,8,516
27.1.2018 18:01:01,C,9,081
27.1.2018 18:11:01,C,8,767
27.1.2018 18:21:01,C,8,893
27.1.2018 18:31:01,C,8,83
27.1.2018 18:41:01,C,8,39
27.1.2018 18:51:01,C,7,887
27.1.2018 19:01:01,C,7,447
27.1.2018 19:11:01,C,7,384
27.1.2018 19:21:01,C,7,321
27.1.2018 19:31:01,C,7,321
27.1.2018 19:41:01,C,7,573
27.1.2018 19:51:01,C,7,51
27.1.2018 20:01:01,C,7,636
27.1.2018 20:11:01,C,7,95
27.1.2018 20:21:01,C,8,076
27.1.2018 20:31:01,C,7,824
27.1.2018 20:41:01,C,7,824
27.1.2018 20:51:01,C,7,573
27.1.2018 21:01:01,C,7,384
27.1.2018 21:11:01,C,7,133
27.1.2018 21:21:01,C,6,881
27.1.2018 21:31:01,C,6,693
27.1.2018 21:41:01,C,6,441
27.1.2018 21:51:01,C,6,189
27.1.2018 22:01:01,C,6,001
27.1.2018 22:11:01,C,5,812
27.1.2018 22:21:01,C,5,56
27.1.2018 22:31:01,C,5,372
27.1.2018 22:41:01,C,5,56
27.1.2018 22:51:01,C,5,183
27.1.2018 23:01:01,C,5,057
27.1.2018 23:11:01,C,4,994
27.1.2018 23:21:01,C,4,868
27.1.2018 23:31:01,C,4,868
27.1.2018 23:41:01,C,4,742
27.1.2018 23:51:01,C,4,679
28.1.2018 0:01:01,C,4,617
28.1.2018 0:11:01,C,4,617
28.1.2018 0:21:01,C,4,554
28.1.2018 0:31:01,C,4,491
28.1.2018 0:41:01,C,4,491
28.1.2018 0:51:01,C,4,365
28.1.2018 1:01:01,C,4,365
28.1.2018 1:11:01,C,4,365
28.1.2018 1:21:01,C,4,302
28.1.2018 1:31:01,C,4,239
28.1.2018 1:41:01,C,4,239
28.1.2018 1:51:01,C,4,176
28.1.2018 2:01:01,C,3,987
28.1.2018 2:11:01,C,3,987
28.1.2018 2:21:01,C,3,987
28.1.2018 2:31:01,C,3,861
28.1.2018 2:41:01,C,3,861
28.1.2018 2:51:01,C,3,735
28.1.2018 3:01:01,C,3,735
28.1.2018 3:11:01,C,3,672
28.1.2018 3:21:01,C,3,672
28.1.2018 3:31:01,C,3,672
28.1.2018 3:41:01,C,3,547
28.1.2018 3:51:01,C,3,484
28.1.2018 4:01:01,C,3,421
28.1.2018 4:11:01,C,3,295
28.1.2018 4:21:01,C,3,232
28.1.2018 4:31:01,C,3,232
28.1.2018 4:41:01,C,3,232
28.1.2018 4:51:01,C,2,917
28.1.2018 5:01:01,C,2,791
28.1.2018 5:11:01,C,2,791
28.1.2018 5:21:01,C,2,854
28.1.2018 5:31:01,C,2,791
28.1.2018 5:41:01,C,2,791
28.1.2018 5:51:01,C,2,917
28.1.2018 6:01:01,C,2,98
28.1.2018 6:11:01,C,2,917
28.1.2018 6:21:01,C,2,917
28.1.2018 6:31:01,C,2,98
28.1.2018 6:41:01,C,3,106
28.1.2018 6:51:01,C,2,917
28.1.2018 7:01:01,C,2,728
28.1.2018 7:11:01,C,2,728
28.1.2018 7:21:01,C,2,791
28.1.2018 7:31:01,C,2,791
28.1.2018 7:41:01,C,3,169
28.1.2018 7:51:01,C,3,295
28.1.2018 8:01:01,C,3,358
28.1.2018 8:11:01,C,3,421
28.1.2018 8:21:01,C,3,421
28.1.2018 8:31:01,C,3,484
28.1.2018 8:41:01,C,3,484
28.1.2018 8:51:01,C,3,484
28.1.2018 9:01:01,C,3,484
28.1.2018 9:11:01,C,3,484
28.1.2018 9:21:01,C,3,547
28.1.2018 9:31:01,C,3,735
28.1.2018 9:41:01,C,3,798
28.1.2018 9:51:01,C,3,735
28.1.2018 10:01:01,C,3,735
28.1.2018 10:11:01,C,3,861
28.1.2018 10:21:01,C,3,924
28.1.2018 10:31:01,C,4,113
28.1.2018 10:41:01,C,4,239
28.1.2018 10:51:01,C,4,365
28.1.2018 11:01:01,C,4,491
28.1.2018 11:11:01,C,4,554
28.1.2018 11:21:01,C,4,742
28.1.2018 11:31:01,C,4,805
28.1.2018 11:41:01,C,4,931
28.1.2018 11:51:01,C,5,057
28.1.2018 12:01:01,C,5,246
28.1.2018 12:11:01,C,5,309
28.1.2018 12:21:01,C,5,372
28.1.2018 12:31:01,C,5,56
28.1.2018 12:41:01,C,5,686
28.1.2018 12:51:01,C,5,749
28.1.2018 13:01:01,C,5,875
28.1.2018 13:11:01,C,6,001
28.1.2018 13:21:01,C,6,126
28.1.2018 13:31:01,C,6,189
28.1.2018 13:41:01,C,6,315
28.1.2018 13:51:01,C,6,378
28.1.2018 14:01:01,C,6,504
28.1.2018 14:11:01,C,6,567
28.1.2018 14:21:01,C,6,63
28.1.2018 14:31:01,C,6,755
28.1.2018 14:41:01,C,6,818
28.1.2018 14:51:01,C,6,944
28.1.2018 15:01:01,C,7,07
28.1.2018 15:11:01,C,7,196
28.1.2018 15:21:01,C,7,321
28.1.2018 15:31:01,C,7,384
28.1.2018 15:41:01,C,7,447
28.1.2018 15:51:01,C,7,51
28.1.2018 16:01:01,C,7,51
28.1.2018 16:11:01,C,7,51
28.1.2018 16:21:01,C,7,573
28.1.2018 16:31:01,C,7,636
28.1.2018 16:41:01,C,7,699
28.1.2018 16:51:01,C,7,636
28.1.2018 17:01:01,C,7,573
28.1.2018 17:11:01,C,7,573
28.1.2018 17:21:01,C,7,636
28.1.2018 17:31:01,C,7,636
28.1.2018 17:41:01,C,7,447
28.1.2018 17:51:01,C,7,636
28.1.2018 18:01:01,C,7,447
28.1.2018 18:11:01,C,7,447
28.1.2018 18:21:01,C,7,51
28.1.2018 18:31:01,C,7,699
28.1.2018 18:41:01,C,7,636
28.1.2018 18:51:01,C,7,573
28.1.2018 19:01:01,C,7,573
28.1.2018 19:11:01,C,7,447
28.1.2018 19:21:01,C,7,384
28.1.2018 19:31:01,C,7,196
28.1.2018 19:41:01,C,6,944
28.1.2018 19:51:01,C,6,818
28.1.2018 20:01:01,C,6,567
28.1.2018 20:11:01,C,6,189
28.1.2018 20:21:01,C,5,938
28.1.2018 20:31:01,C,5,686
28.1.2018 20:41:01,C,5,497
28.1.2018 20:51:01,C,5,309
28.1.2018 21:01:01,C,5,183
28.1.2018 21:11:01,C,5,057
28.1.2018 21:21:01,C,4,994
28.1.2018 21:31:01,C,4,868
28.1.2018 21:41:01,C,4,617
28.1.2018 21:51:01,C,4,491
28.1.2018 22:01:01,C,4,365
28.1.2018 22:11:01,C,4,239
28.1.2018 22:21:01,C,4,176
28.1.2018 22:31:01,C,4,113
28.1.2018 22:41:01,C,3,987
28.1.2018 22:51:01,C,3,924
28.1.2018 23:01:01,C,3,861
28.1.2018 23:11:01,C,3,735
28.1.2018 23:21:01,C,3,609
28.1.2018 23:31:01,C,3,547
28.1.2018 23:41:01,C,3,484
28.1.2018 23:51:01,C,3,421
29.1.2018 0:01:01,C,3,358
29.1.2018 0:11:01,C,3,295
29.1.2018 0:21:01,C,3,232
29.1.2018 0:31:01,C,3,232
29.1.2018 0:41:01,C,3,106
29.1.2018 0:51:01,C,3,106
29.1.2018 1:01:01,C,3,043
29.1.2018 1:11:01,C,2,98
29.1.2018 1:21:01,C,2,98
29.1.2018 1:31:01,C,2,917
29.1.2018 1:41:01,C,2,917
29.1.2018 1:51:01,C,2,854
29.1.2018 2:01:01,C,2,854
29.1.2018 2:11:01,C,2,854
29.1.2018 2:21:01,C,2,854
29.1.2018 2:31:01,C,2,791
29.1.2018 2:41:01,C,2,791
29.1.2018 2:51:01,C,2,728
29.1.2018 3:01:01,C,2,665
29.1.2018 3:11:01,C,2,602
29.1.2018 3:21:01,C,2,728
29.1.2018 3:31:01,C,2,791
29.1.2018 3:41:01,C,2,854
29.1.2018 3:51:01,C,2,917
29.1.2018 4:01:01,C,2,665
29.1.2018 4:11:01,C,2,413
29.1.2018 4:21:01,C,2,602
29.1.2018 4:31:01,C,2,539
29.1.2018 4:41:01,C,2,602
29.1.2018 4:51:01,C,2,665
29.1.2018 5:01:01,C,2,665
29.1.2018 5:11:01,C,2,728
29.1.2018 5:21:01,C,2,917
29.1.2018 5:31:01,C,2,98
29.1.2018 5:41:01,C,2,98
29.1.2018 5:51:01,C,2,98
29.1.2018 6:01:01,C,3,043
29.1.2018 6:11:01,C,3,043
29.1.2018 6:21:01,C,3,043
29.1.2018 6:31:01,C,3,043
29.1.2018 6:41:01,C,3,106
29.1.2018 6:51:01,C,3,169
29.1.2018 7:01:01,C,3,169
29.1.2018 7:11:01,C,3,232
29.1.2018 7:21:01,C,3,232
29.1.2018 7:31:01,C,3,232
29.1.2018 7:41:01,C,3,358
29.1.2018 7:51:01,C,3,295
29.1.2018 8:01:01,C,3,295
29.1.2018 8:11:01,C,3,358
29.1.2018 8:21:01,C,3,358
29.1.2018 8:31:01,C,3,295
29.1.2018 8:41:01,C,3,421
29.1.2018 8:51:01,C,3,609
29.1.2018 9:01:01,C,3,672
29.1.2018 9:11:01,C,3,798
29.1.2018 9:21:01,C,3,861
29.1.2018 9:31:01,C,3,987
29.1.2018 9:41:01,C,4,113
29.1.2018 9:51:01,C,4,239
29.1.2018 10:01:01,C,4,365
29.1.2018 10:11:01,C,4,428
29.1.2018 10:21:01,C,4,491
29.1.2018 10:31:01,C,4,679
29.1.2018 10:41:01,C,4,868
29.1.2018 10:51:01,C,4,994
29.1.2018 11:01:01,C,5,12
29.1.2018 11:11:01,C,5,246
29.1.2018 11:21:01,C,5,372
29.1.2018 11:31:01,C,5,497
29.1.2018 11:41:01,C,5,623
29.1.2018 11:51:01,C,5,686
29.1.2018 12:01:01,C,5,875
29.1.2018 12:11:01,C,6,001
29.1.2018 12:21:01,C,6,126
29.1.2018 12:31:01,C,6,252
29.1.2018 12:41:01,C,6,315
29.1.2018 12:51:01,C,6,378
29.1.2018 13:01:01,C,6,441
29.1.2018 13:11:01,C,6,504
29.1.2018 13:21:01,C,6,567
29.1.2018 13:31:01,C,6,63
29.1.2018 13:41:01,C,6,63
29.1.2018 13:51:01,C,6,755
29.1.2018 14:01:01,C,6,818
29.1.2018 14:11:01,C,6,881
29.1.2018 14:21:01,C,6,881
29.1.2018 14:31:01,C,7,007
29.1.2018 14:41:01,C,7,07
29.1.2018 14:51:01,C,7,133
29.1.2018 15:01:01,C,7,196
29.1.2018 15:11:01,C,7,196
29.1.2018 15:21:01,C,7,196
29.1.2018 15:31:01,C,7,133
29.1.2018 15:41:01,C,7,196
29.1.2018 15:51:01,C,7,258
29.1.2018 16:01:01,C,7,384
29.1.2018 16:11:01,C,7,447
29.1.2018 16:21:01,C,7,51
29.1.2018 16:31:01,C,7,51
29.1.2018 16:41:01,C,7,636
29.1.2018 16:51:01,C,7,699
29.1.2018 17:01:01,C,7,887
29.1.2018 17:11:01,C,7,95
29.1.2018 17:21:01,C,7,887
29.1.2018 17:31:01,C,7,887
29.1.2018 17:41:01,C,8,076
29.1.2018 17:51:01,C,7,95
29.1.2018 18:01:01,C,8,013
29.1.2018 18:11:01,C,8,076
29.1.2018 18:21:01,C,7,887
29.1.2018 18:31:01,C,7,51
29.1.2018 18:41:01,C,7,384
29.1.2018 18:51:01,C,7,321
29.1.2018 19:01:01,C,7,133
29.1.2018 19:11:01,C,7,07
29.1.2018 19:21:01,C,7,007
29.1.2018 19:31:01,C,7,007
29.1.2018 19:41:01,C,6,944
29.1.2018 19:51:01,C,6,818
29.1.2018 20:01:01,C,6,818
29.1.2018 20:11:01,C,6,755
29.1.2018 20:21:01,C,6,755
29.1.2018 20:31:01,C,6,693
29.1.2018 20:41:01,C,6,567
29.1.2018 20:51:01,C,6,567
29.1.2018 21:01:01,C,6,441
29.1.2018 21:11:01,C,6,378
29.1.2018 21:21:01,C,6,378
29.1.2018 21:31:01,C,6,315
29.1.2018 21:41:01,C,6,378
29.1.2018 21:51:01,C,6,315
29.1.2018 22:01:01,C,6,252
29.1.2018 22:11:01,C,6,252
29.1.2018 22:21:01,C,6,064
29.1.2018 22:31:01,C,6,001
29.1.2018 22:41:01,C,5,938
29.1.2018 22:51:01,C,5,875
29.1.2018 23:01:01,C,5,875
29.1.2018 23:11:01,C,5,875
29.1.2018 23:21:01,C,5,686
29.1.2018 23:31:01,C,5,497
29.1.2018 23:41:01,C,5,309
29.1.2018 23:51:01,C,5,183
30.1.2018 0:01:01,C,4,994
30.1.2018 0:11:01,C,4,868
30.1.2018 0:21:01,C,4,679
30.1.2018 0:31:01,C,4,617
30.1.2018 0:41:01,C,4,554
30.1.2018 0:51:01,C,4,554
30.1.2018 1:01:01,C,4,617
30.1.2018 1:11:01,C,4,491
30.1.2018 1:21:01,C,4,365
30.1.2018 1:31:01,C,4,05
30.1.2018 1:41:01,C,3,798
30.1.2018 1:51:01,C,3,672
30.1.2018 2:01:01,C,3,547
30.1.2018 2:11:01,C,3,421
30.1.2018 2:21:01,C,3,295
30.1.2018 2:31:01,C,3,232
30.1.2018 2:41:01,C,3,106
30.1.2018 2:51:01,C,2,98
30.1.2018 3:01:01,C,2,917
30.1.2018 3:11:01,C,2,791
30.1.2018 3:21:01,C,2,791
30.1.2018 3:31:01,C,2,665
30.1.2018 3:41:01,C,2,539
30.1.2018 3:51:01,C,2,476
30.1.2018 4:01:01,C,2,413
30.1.2018 4:11:01,C,2,413
30.1.2018 4:21:01,C,2,476
30.1.2018 4:31:01,C,2,35
30.1.2018 4:41:01,C,2,413
30.1.2018 4:51:01,C,2,35
30.1.2018 5:01:01,C,2,413
30.1.2018 5:11:01,C,2,413
30.1.2018 5:21:01,C,2,35
30.1.2018 5:31:01,C,2,413
30.1.2018 5:41:01,C,2,35
30.1.2018 5:51:01,C,2,35
30.1.2018 6:01:01,C,2,35
30.1.2018 6:11:01,C,2,413
30.1.2018 6:21:01,C,2,413
30.1.2018 6:31:01,C,2,602
30.1.2018 6:41:01,C,2,476
30.1.2018 6:51:01,C,2,602
30.1.2018 7:01:01,C,2,791
30.1.2018 7:11:01,C,2,728
30.1.2018 7:21:01,C,2,728
30.1.2018 7:31:01,C,2,791
30.1.2018 7:41:01,C,2,98
30.1.2018 7:51:01,C,3,043
30.1.2018 8:01:01,C,3,169
30.1.2018 8:11:01,C,3,232
30.1.2018 8:21:01,C,3,358
30.1.2018 8:31:01,C,3,421
30.1.2018 8:41:01,C,3,547
30.1.2018 8:51:01,C,3,609
30.1.2018 9:01:01,C,3,735
30.1.2018 9:11:01,C,3,672
30.1.2018 9:21:01,C,3,672
30.1.2018 9:31:01,C,3,735
30.1.2018 9:41:01,C,3,861
30.1.2018 9:51:01,C,3,987
30.1.2018 10:01:01,C,4,05
30.1.2018 10:11:01,C,4,176
30.1.2018 10:21:01,C,4,113
30.1.2018 10:31:01,C,4,176
30.1.2018 10:41:01,C,4,302
30.1.2018 10:51:01,C,4,365
30.1.2018 11:01:01,C,4,365
30.1.2018 11:11:01,C,4,365
30.1.2018 11:21:01,C,4,491
30.1.2018 11:31:01,C,4,617
30.1.2018 11:41:01,C,4,742
30.1.2018 11:51:01,C,4,931
30.1.2018 12:01:01,C,5,057
30.1.2018 12:11:01,C,5,183
30.1.2018 12:21:01,C,5,435
30.1.2018 12:31:01,C,5,56
30.1.2018 12:41:01,C,5,749
30.1.2018 12:51:01,C,5,875
30.1.2018 13:01:01,C,5,938
30.1.2018 13:11:01,C,6,064
30.1.2018 13:21:01,C,6,126
30.1.2018 13:31:01,C,6,252
30.1.2018 13:41:01,C,6,378
30.1.2018 13:51:01,C,6,441
30.1.2018 14:01:01,C,6,567
30.1.2018 14:11:01,C,6,63
30.1.2018 14:21:01,C,6,693
30.1.2018 14:31:01,C,6,818
30.1.2018 14:41:01,C,6,881
30.1.2018 14:51:01,C,6,944
30.1.2018 15:01:01,C,7,007
30.1.2018 15:11:01,C,7,133
30.1.2018 15:21:01,C,7,258
30.1.2018 15:31:01,C,7,321
30.1.2018 15:41:01,C,7,447
30.1.2018 15:51:01,C,7,51
30.1.2018 16:01:01,C,7,573
30.1.2018 16:11:01,C,7,636
30.1.2018 16:21:01,C,7,699
30.1.2018 16:31:01,C,7,761
30.1.2018 16:41:01,C,7,699
30.1.2018 16:51:01,C,7,636
30.1.2018 17:01:01,C,7,636
30.1.2018 17:11:01,C,7,636
30.1.2018 17:21:01,C,7,573
30.1.2018 17:31:01,C,7,636
30.1.2018 17:41:01,C,7,636
30.1.2018 17:51:01,C,7,636
30.1.2018 18:01:01,C,7,573
30.1.2018 18:11:01,C,7,447
30.1.2018 18:21:01,C,7,447
30.1.2018 18:31:01,C,7,321
30.1.2018 18:41:01,C,7,321
30.1.2018 18:51:01,C,7,321
30.1.2018 19:01:01,C,7,321
30.1.2018 19:11:01,C,7,447
30.1.2018 19:21:01,C,7,384
30.1.2018 19:31:01,C,7,321
30.1.2018 19:41:01,C,7,196
30.1.2018 19:51:01,C,7,258
30.1.2018 20:01:01,C,7,007
30.1.2018 20:11:01,C,7,007
30.1.2018 20:21:01,C,6,944
30.1.2018 20:31:01,C,6,818
30.1.2018 20:41:01,C,6,693
30.1.2018 20:51:01,C,6,567
30.1.2018 21:01:01,C,6,504
30.1.2018 21:11:01,C,6,378
30.1.2018 21:21:01,C,6,315
30.1.2018 21:31:01,C,6,126
30.1.2018 21:41:01,C,5,875
30.1.2018 21:51:01,C,5,686
30.1.2018 22:01:01,C,5,56
30.1.2018 22:11:01,C,5,435
30.1.2018 22:21:01,C,5,372
30.1.2018 22:31:01,C,5,246
30.1.2018 22:41:01,C,5,12
30.1.2018 22:51:01,C,5,057
30.1.2018 23:01:01,C,4,994
30.1.2018 23:11:01,C,4,931
30.1.2018 23:21:01,C,4,868
30.1.2018 23:31:01,C,4,868
30.1.2018 23:41:01,C,4,742
30.1.2018 23:51:01,C,4,679
31.1.2018 0:01:01,C,4,554
31.1.2018 0:11:01,C,4,491
31.1.2018 0:21:01,C,4,365
31.1.2018 0:31:01,C,4,239
31.1.2018 0:41:01,C,4,113
31.1.2018 0:51:01,C,3,987
31.1.2018 1:01:01,C,3,924
31.1.2018 1:11:01,C,3,798
31.1.2018 1:21:01,C,3,672
31.1.2018 1:31:01,C,3,609
31.1.2018 1:41:01,C,3,484
31.1.2018 1:51:01,C,3,421
31.1.2018 2:01:01,C,3,295
31.1.2018 2:11:01,C,3,232
31.1.2018 2:21:01,C,3,106
31.1.2018 2:31:01,C,3,169
31.1.2018 2:41:01,C,3,043
31.1.2018 2:51:01,C,2,854
31.1.2018 3:01:01,C,2,728
31.1.2018 3:11:01,C,2,539
31.1.2018 3:21:01,C,2,413
31.1.2018 3:31:01,C,2,287
31.1.2018 3:41:01,C,2,224
31.1.2018 3:51:01,C,2,035
31.1.2018 4:01:01,C,2,035
31.1.2018 4:11:01,C,2,224
31.1.2018 4:21:01,C,2,224
31.1.2018 4:31:01,C,2,224
31.1.2018 4:41:01,C,2,224
31.1.2018 4:51:01,C,2,287
31.1.2018 5:01:01,C,2,35
31.1.2018 5:11:01,C,2,224
31.1.2018 5:21:01,C,2,035
31.1.2018 5:31:01,C,2,161
31.1.2018 5:41:01,C,2,161
31.1.2018 5:51:01,C,2,098
31.1.2018 6:01:01,C,2,098
31.1.2018 6:11:01,C,2,035
31.1.2018 6:21:01,C,2,098
31.1.2018 6:31:01,C,2,161
31.1.2018 6:41:01,C,2,161
31.1.2018 6:51:01,C,2,287
31.1.2018 7:01:01,C,2,539
31.1.2018 7:11:01,C,2,602
31.1.2018 7:21:01,C,2,602
31.1.2018 7:31:01,C,2,35
31.1.2018 7:41:01,C,2,35
31.1.2018 7:51:01,C,2,35
31.1.2018 8:01:01,C,2,539
31.1.2018 8:11:01,C,2,539
31.1.2018 8:21:01,C,2,539
31.1.2018 8:31:01,C,2,539
31.1.2018 8:41:01,C,2,539
31.1.2018 8:51:01,C,2,539
31.1.2018 9:01:01,C,2,602
31.1.2018 9:11:01,C,2,665
31.1.2018 9:21:01,C,2,791
31.1.2018 9:31:01,C,2,917
31.1.2018 9:41:01,C,2,98
31.1.2018 9:51:01,C,3,106
31.1.2018 10:01:01,C,3,106
31.1.2018 10:11:01,C,3,232
31.1.2018 10:21:01,C,3,358
31.1.2018 10:31:01,C,3,484
31.1.2018 10:41:01,C,3,609
31.1.2018 10:51:01,C,3,735
31.1.2018 11:01:01,C,3,924
31.1.2018 11:11:01,C,4,05
31.1.2018 11:21:01,C,4,176
31.1.2018 11:31:01,C,4,302
31.1.2018 11:41:01,C,4,428
31.1.2018 11:51:01,C,4,554
31.1.2018 12:01:01,C,4,679
31.1.2018 12:11:01,C,4,805
31.1.2018 12:21:01,C,4,868
31.1.2018 12:31:01,C,4,994
31.1.2018 12:41:01,C,5,12
31.1.2018 12:51:01,C,5,246
31.1.2018 13:01:01,C,5,309
31.1.2018 13:11:01,C,5,435
31.1.2018 13:21:01,C,5,497
31.1.2018 13:31:01,C,5,56
31.1.2018 13:41:01,C,5,686
31.1.2018 13:51:01,C,5,749
31.1.2018 14:01:01,C,5,875
31.1.2018 14:11:01,C,5,938
31.1.2018 14:21:01,C,6,001
31.1.2018 14:31:01,C,6,064
31.1.2018 14:41:01,C,6,064
31.1.2018 14:51:01,C,6,064
31.1.2018 15:01:01,C,6,126
31.1.2018 15:11:01,C,6,189
31.1.2018 15:21:01,C,6,252
31.1.2018 15:31:01,C,6,252
31.1.2018 15:41:01,C,6,315
31.1.2018 15:51:01,C,6,378
31.1.2018 16:01:01,C,6,441
31.1.2018 16:11:01,C,6,441
31.1.2018 16:21:01,C,6,441
31.1.2018 16:31:01,C,6,441
31.1.2018 16:41:01,C,6,441
31.1.2018 16:51:01,C,6,441
31.1.2018 17:01:01,C,6,378
31.1.2018 17:11:01,C,6,378
31.1.2018 17:21:01,C,6,378
31.1.2018 17:31:01,C,6,378
31.1.2018 17:41:01,C,6,315
31.1.2018 17:51:01,C,6,315
31.1.2018 18:01:01,C,6,315
31.1.2018 18:11:01,C,6,252
31.1.2018 18:21:01,C,6,315
31.1.2018 18:31:01,C,6,315
31.1.2018 18:41:01,C,6,252
31.1.2018 18:51:01,C,6,189
31.1.2018 19:01:01,C,6,064
31.1.2018 19:11:01,C,6,001
31.1.2018 19:21:01,C,5,938
31.1.2018 19:31:01,C,5,875
31.1.2018 19:41:01,C,5,812
31.1.2018 19:51:01,C,5,749
31.1.2018 20:01:01,C,5,749
31.1.2018 20:11:01,C,5,686
31.1.2018 20:21:01,C,5,623
31.1.2018 20:31:01,C,5,497
31.1.2018 20:41:01,C,5,435
31.1.2018 20:51:01,C,5,309
31.1.2018 21:01:01,C,5,246
31.1.2018 21:11:01,C,5,183
31.1.2018 21:21:01,C,5,057
31.1.2018 21:31:01,C,5,057
31.1.2018 21:41:01,C,4,994
31.1.2018 21:51:01,C,4,868
31.1.2018 22:01:01,C,4,805
31.1.2018 22:11:01,C,4,742
31.1.2018 22:21:01,C,4,617
31.1.2018 22:31:01,C,4,554
31.1.2018 22:41:01,C,4,491
31.1.2018 22:51:01,C,4,428
31.1.2018 23:01:01,C,4,302
31.1.2018 23:11:01,C,4,239
31.1.2018 23:21:01,C,4,176
31.1.2018 23:31:01,C,4,113
31.1.2018 23:41:01,C,4,05
31.1.2018 23:51:01,C,3,987
1.2.2018 0:01:01,C,3,924
1.2.2018 0:11:01,C,3,861
1.2.2018 0:21:01,C,3,798
1.2.2018 0:31:01,C,3,735
1.2.2018 0:41:01,C,3,609
1.2.2018 0:51:01,C,3,484
1.2.2018 1:01:01,C,3,421
1.2.2018 1:11:01,C,3,421
1.2.2018 1:21:01,C,3,421
1.2.2018 1:31:01,C,3,358
1.2.2018 1:41:01,C,3,295
1.2.2018 1:51:01,C,3,169
1.2.2018 2:01:01,C,3,106
1.2.2018 2:11:01,C,3,043
1.2.2018 2:21:01,C,2,98
1.2.2018 2:31:01,C,2,854
1.2.2018 2:41:01,C,2,791
1.2.2018 2:51:01,C,2,791
1.2.2018 3:01:01,C,2,728
1.2.2018 3:11:01,C,2,665
1.2.2018 3:21:01,C,2,602
1.2.2018 3:31:01,C,2,539
1.2.2018 3:41:01,C,2,539
1.2.2018 3:51:01,C,2,413
1.2.2018 4:01:01,C,2,413
1.2.2018 4:11:01,C,2,287
1.2.2018 4:21:01,C,2,35
1.2.2018 4:31:01,C,2,35
1.2.2018 4:41:01,C,2,224
1.2.2018 4:51:01,C,2,098
1.2.2018 5:01:01,C,2,161
1.2.2018 5:11:01,C,2,161
1.2.2018 5:21:01,C,2,287
1.2.2018 5:31:01,C,2,161
1.2.2018 5:41:01,C,2,098
1.2.2018 5:51:01,C,2,161
1.2.2018 6:01:01,C,2,287
1.2.2018 6:11:01,C,2,098
1.2.2018 6:21:01,C,2,224
1.2.2018 6:31:01,C,2,224
1.2.2018 6:41:01,C,2,287
1.2.2018 6:51:01,C,2,224
1.2.2018 7:01:01,C,2,287
1.2.2018 7:11:01,C,2,224
1.2.2018 7:21:01,C,2,287
1.2.2018 7:31:01,C,2,287
1.2.2018 7:41:01,C,2,35
1.2.2018 7:51:01,C,2,728
1.2.2018 8:01:01,C,2,665
1.2.2018 8:11:01,C,2,665
1.2.2018 8:21:01,C,2,791
1.2.2018 8:31:01,C,2,917
1.2.2018 8:41:01,C,2,98
1.2.2018 8:51:01,C,3,043
1.2.2018 9:01:01,C,3,043
1.2.2018 9:11:01,C,3,169
1.2.2018 9:21:01,C,3,358
1.2.2018 9:31:01,C,3,547
1.2.2018 9:41:01,C,3,987
1.2.2018 9:51:01,C,4,05
1.2.2018 10:01:01,C,3,924
1.2.2018 10:11:01,C,3,924
1.2.2018 10:21:01,C,4,05
1.2.2018 10:31:01,C,4,176
1.2.2018 10:41:01,C,4,617
1.2.2018 10:51:01,C,4,742
1.2.2018 11:01:01,C,4,491
1.2.2018 11:11:01,C,4,554
1.2.2018 11:21:01,C,4,617
1.2.2018 11:31:01,C,4,679
1.2.2018 11:41:01,C,4,679
1.2.2018 11:51:01,C,4,679
1.2.2018 12:01:01,C,4,805
1.2.2018 12:11:01,C,4,868
1.2.2018 12:21:01,C,4,931
1.2.2018 12:31:01,C,4,931
1.2.2018 12:41:01,C,4,994
1.2.2018 12:51:01,C,4,994
1.2.2018 13:01:01,C,4,931
1.2.2018 13:11:01,C,4,931
1.2.2018 13:21:01,C,4,994
1.2.2018 13:31:01,C,5,057
1.2.2018 13:41:01,C,5,12
1.2.2018 13:51:01,C,5,183
1.2.2018 14:01:01,C,5,183
1.2.2018 14:11:01,C,5,246
1.2.2018 14:21:01,C,5,246
1.2.2018 14:31:01,C,5,246
1.2.2018 14:41:01,C,5,309
1.2.2018 14:51:01,C,5,309
1.2.2018 15:01:01,C,5,372
1.2.2018 15:11:01,C,5,435
1.2.2018 15:21:01,C,5,497
1.2.2018 15:31:01,C,5,497
1.2.2018 15:41:01,C,5,56
1.2.2018 15:51:01,C,5,497
1.2.2018 16:01:01,C,5,435
1.2.2018 16:11:01,C,5,56
1.2.2018 16:21:01,C,5,749
1.2.2018 16:31:01,C,5,749
1.2.2018 16:41:01,C,5,749
1.2.2018 16:51:01,C,5,623
1.2.2018 17:01:01,C,5,686
1.2.2018 17:11:01,C,5,812
1.2.2018 17:21:01,C,5,875
1.2.2018 17:31:01,C,5,875
1.2.2018 17:41:01,C,5,875
1.2.2018 17:51:01,C,5,875
1.2.2018 18:01:01,C,5,812
1.2.2018 18:11:01,C,5,686
1.2.2018 18:21:01,C,5,623
1.2.2018 18:31:01,C,5,56
1.2.2018 18:41:01,C,5,56
1.2.2018 18:51:01,C,5,497
1.2.2018 19:01:01,C,5,435
1.2.2018 19:11:01,C,5,372
1.2.2018 19:21:01,C,5,372
1.2.2018 19:31:01,C,5,372
1.2.2018 19:41:01,C,5,309
1.2.2018 19:51:01,C,5,246
1.2.2018 20:01:01,C,5,183
1.2.2018 20:11:01,C,5,12
1.2.2018 20:21:01,C,5,12
1.2.2018 20:31:01,C,5,057
1.2.2018 20:41:01,C,4,931
1.2.2018 20:51:01,C,4,868
1.2.2018 21:01:01,C,4,805
1.2.2018 21:11:01,C,4,742
1.2.2018 21:21:01,C,4,617
1.2.2018 21:31:01,C,4,554
1.2.2018 21:41:01,C,4,491
1.2.2018 21:51:01,C,4,428
1.2.2018 22:01:01,C,4,365
1.2.2018 22:11:01,C,4,302
1.2.2018 22:21:01,C,4,113
1.2.2018 22:31:01,C,3,987
1.2.2018 22:41:01,C,3,924
1.2.2018 22:51:01,C,3,798
1.2.2018 23:01:01,C,3,735
1.2.2018 23:11:01,C,3,609
1.2.2018 23:21:01,C,3,547
1.2.2018 23:31:01,C,3,484
1.2.2018 23:41:01,C,3,358
1.2.2018 23:51:01,C,3,295
2.2.2018 0:01:01,C,3,169
2.2.2018 0:11:01,C,3,169
2.2.2018 0:21:01,C,3,169
2.2.2018 0:31:01,C,3,106
2.2.2018 0:41:01,C,3,043
2.2.2018 0:51:01,C,2,854
2.2.2018 1:01:01,C,2,791
2.2.2018 1:11:01,C,2,791
2.2.2018 1:21:01,C,2,791
2.2.2018 1:31:01,C,2,665
2.2.2018 1:41:01,C,2,35
2.2.2018 1:51:01,C,2,035
2.2.2018 2:01:01,C,1,909
2.2.2018 2:11:01,C,1,846
2.2.2018 2:21:01,C,1,72
2.2.2018 2:31:01,C,1,531
2.2.2018 2:41:01,C,1,405
2.2.2018 2:51:01,C,1,342
2.2.2018 3:01:01,C,1,468
2.2.2018 3:11:01,C,1,468
2.2.2018 3:21:01,C,1,279
2.2.2018 3:31:01,C,1,027
2.2.2018 3:41:01,C,1,027
2.2.2018 3:51:01,C,1,09
2.2.2018 4:01:01,C,1,153
2.2.2018 4:11:01,C,1,342
2.2.2018 4:21:01,C,1,342
2.2.2018 4:31:01,C,1,342
2.2.2018 4:41:01,C,0,901
2.2.2018 4:51:01,C,0,901
2.2.2018 5:01:01,C,0,838
2.2.2018 5:11:01,C,0,901
2.2.2018 5:21:01,C,0,838
2.2.2018 5:31:01,C,1,027
2.2.2018 5:41:01,C,0,901
2.2.2018 5:51:01,C,1,027
2.2.2018 6:01:01,C,1,09
2.2.2018 6:11:01,C,1,153
2.2.2018 6:21:01,C,1,09
2.2.2018 6:31:01,C,1,405
2.2.2018 6:41:01,C,1,279
2.2.2018 6:51:01,C,1,531
2.2.2018 7:01:01,C,1,657
2.2.2018 7:11:01,C,1,531
2.2.2018 7:21:01,C,1,657
2.2.2018 7:31:01,C,1,657
2.2.2018 7:41:01,C,1,972
2.2.2018 7:51:01,C,1,846
2.2.2018 8:01:01,C,1,783
2.2.2018 8:11:01,C,2,224
2.2.2018 8:21:01,C,1,846
2.2.2018 8:31:01,C,1,972
2.2.2018 8:41:01,C,1,909
2.2.2018 8:51:01,C,1,909
2.2.2018 9:01:01,C,1,972
2.2.2018 9:11:01,C,2,098
2.2.2018 9:21:01,C,2,287
2.2.2018 9:31:01,C,2,476
2.2.2018 9:41:01,C,2,665
2.2.2018 9:51:01,C,2,791
2.2.2018 10:01:01,C,2,917
2.2.2018 10:11:01,C,2,98
2.2.2018 10:21:01,C,3,106
2.2.2018 10:31:01,C,3,232
2.2.2018 10:41:01,C,3,295
2.2.2018 10:51:01,C,3,421
2.2.2018 11:01:01,C,3,421
2.2.2018 11:11:01,C,3,547
2.2.2018 11:21:01,C,3,609
2.2.2018 11:31:01,C,3,735
2.2.2018 11:41:01,C,3,798
2.2.2018 11:51:01,C,3,924
2.2.2018 12:01:01,C,3,987
2.2.2018 12:11:01,C,4,05
2.2.2018 12:21:01,C,4,176
2.2.2018 12:31:01,C,4,239
2.2.2018 12:41:01,C,4,365
2.2.2018 12:51:01,C,4,428
2.2.2018 13:01:01,C,4,491
2.2.2018 13:11:01,C,4,554
2.2.2018 13:21:01,C,4,617
2.2.2018 13:31:01,C,4,742
2.2.2018 13:41:01,C,4,805
2.2.2018 13:51:01,C,4,868
2.2.2018 14:01:01,C,4,994
2.2.2018 14:11:01,C,5,057
2.2.2018 14:21:01,C,5,12
2.2.2018 14:31:01,C,5,183
2.2.2018 14:41:01,C,5,246
2.2.2018 14:51:01,C,5,309
2.2.2018 15:01:01,C,5,435
2.2.2018 15:11:01,C,5,497
2.2.2018 15:21:01,C,5,623
2.2.2018 15:31:01,C,5,686
2.2.2018 15:41:01,C,5,812
2.2.2018 15:51:01,C,5,938
2.2.2018 16:01:01,C,5,938
2.2.2018 16:11:01,C,5,938
2.2.2018 16:21:01,C,5,938
2.2.2018 16:31:01,C,6,001
2.2.2018 16:41:01,C,5,938
2.2.2018 16:51:01,C,5,938
2.2.2018 17:01:01,C,6,001
2.2.2018 17:11:01,C,6,001
2.2.2018 17:21:01,C,6,064
2.2.2018 17:31:01,C,6,189
2.2.2018 17:41:01,C,6,189
2.2.2018 17:51:01,C,6,252
2.2.2018 18:01:01,C,6,126
2.2.2018 18:11:01,C,6,064
2.2.2018 18:21:01,C,6,001
2.2.2018 18:31:01,C,5,812
2.2.2018 18:41:01,C,5,686
2.2.2018 18:51:01,C,5,623
2.2.2018 19:01:01,C,5,56
2.2.2018 19:11:01,C,5,435
2.2.2018 19:21:01,C,5,372
2.2.2018 19:31:01,C,5,372
2.2.2018 19:41:01,C,5,246
2.2.2018 19:51:01,C,5,183
2.2.2018 20:01:01,C,5,12
2.2.2018 20:11:01,C,5,057
2.2.2018 20:21:01,C,4,931
2.2.2018 20:31:01,C,4,805
2.2.2018 20:41:01,C,4,617
2.2.2018 20:51:01,C,4,428
2.2.2018 21:01:01,C,4,239
2.2.2018 21:11:01,C,4,05
2.2.2018 21:21:01,C,3,861
2.2.2018 21:31:01,C,3,735
2.2.2018 21:41:01,C,3,672
2.2.2018 21:51:01,C,3,547
2.2.2018 22:01:01,C,3,484
2.2.2018 22:11:01,C,3,358
2.2.2018 22:21:01,C,3,232
2.2.2018 22:31:01,C,3,106
2.2.2018 22:41:01,C,2,98
2.2.2018 22:51:01,C,2,917
2.2.2018 23:01:01,C,2,791
2.2.2018 23:11:01,C,2,728
2.2.2018 23:21:01,C,2,602
2.2.2018 23:31:01,C,2,539
2.2.2018 23:41:01,C,2,413
2.2.2018 23:51:01,C,2,413
3.2.2018 0:01:01,C,2,35
3.2.2018 0:11:01,C,2,224
3.2.2018 0:21:01,C,2,224
3.2.2018 0:31:01,C,2,161
3.2.2018 0:41:01,C,2,098
3.2.2018 0:51:01,C,2,161
3.2.2018 1:01:01,C,1,909
3.2.2018 1:11:01,C,1,783
3.2.2018 1:21:01,C,1,657
3.2.2018 1:31:01,C,1,657
3.2.2018 1:41:01,C,1,594
3.2.2018 1:51:01,C,1,594
3.2.2018 2:01:01,C,1,405
3.2.2018 2:11:01,C,1,657
3.2.2018 2:21:01,C,1,972
3.2.2018 2:31:01,C,2,035
3.2.2018 2:41:01,C,1,657
3.2.2018 2:51:01,C,1,846
3.2.2018 3:01:01,C,1,783
3.2.2018 3:11:01,C,1,531
3.2.2018 3:21:01,C,1,342
3.2.2018 3:31:01,C,0,964
3.2.2018 3:41:01,C,1,09
3.2.2018 3:51:01,C,1,153
3.2.2018 4:01:01,C,1,027
3.2.2018 4:11:01,C,0,775
3.2.2018 4:21:01,C,0,838
3.2.2018 4:31:01,C,0,901
3.2.2018 4:41:01,C,0,775
3.2.2018 4:51:01,C,0,901
3.2.2018 5:01:01,C,0,964
3.2.2018 5:11:01,C,1,405
3.2.2018 5:21:01,C,1,531
3.2.2018 5:31:01,C,1,657
3.2.2018 5:41:01,C,1,657
3.2.2018 5:51:01,C,1,972
3.2.2018 6:01:01,C,1,972
3.2.2018 6:11:01,C,1,972
3.2.2018 6:21:01,C,2,035
3.2.2018 6:31:01,C,2,35
3.2.2018 6:41:01,C,2,224
3.2.2018 6:51:01,C,2,224
3.2.2018 7:01:01,C,2,224
3.2.2018 7:11:01,C,2,161
3.2.2018 7:21:01,C,2,161
3.2.2018 7:31:01,C,1,972
3.2.2018 7:41:01,C,1,783
3.2.2018 7:51:01,C,1,783
3.2.2018 8:01:01,C,1,846
3.2.2018 8:11:01,C,1,972
3.2.2018 8:21:01,C,1,846
3.2.2018 8:31:01,C,1,783
3.2.2018 8:41:01,C,1,783
3.2.2018 8:51:01,C,1,72
3.2.2018 9:01:01,C,1,909
3.2.2018 9:11:01,C,2,035
3.2.2018 9:21:01,C,2,161
3.2.2018 9:31:01,C,2,287
3.2.2018 9:41:01,C,2,476
3.2.2018 9:51:01,C,2,413
3.2.2018 10:01:01,C,2,413
3.2.2018 10:11:01,C,2,35
3.2.2018 10:21:01,C,2,602
3.2.2018 10:31:01,C,2,602
3.2.2018 10:41:01,C,2,917
3.2.2018 10:51:01,C,2,791
3.2.2018 11:01:01,C,2,98
3.2.2018 11:11:01,C,3,169
3.2.2018 11:21:01,C,3,169
3.2.2018 11:31:01,C,3,358
3.2.2018 11:41:01,C,3,421
3.2.2018 11:51:01,C,3,735
3.2.2018 12:01:01,C,3,609
3.2.2018 12:11:01,C,3,672
3.2.2018 12:21:01,C,3,735
3.2.2018 12:31:01,C,3,798
3.2.2018 12:41:01,C,3,924
3.2.2018 12:51:01,C,4,05
3.2.2018 13:01:01,C,4,176
3.2.2018 13:11:01,C,4,302
3.2.2018 13:21:01,C,4,428
3.2.2018 13:31:01,C,4,679
3.2.2018 13:41:01,C,4,805
3.2.2018 13:51:01,C,4,805
3.2.2018 14:01:01,C,4,805
3.2.2018 14:11:01,C,4,805
3.2.2018 14:21:01,C,4,805
3.2.2018 14:31:01,C,4,805
3.2.2018 14:41:01,C,4,805
3.2.2018 14:51:01,C,4,805
3.2.2018 15:01:01,C,4,994
3.2.2018 15:11:01,C,5,12
3.2.2018 15:21:01,C,5,246
3.2.2018 15:31:01,C,5,372
3.2.2018 15:41:01,C,5,56
3.2.2018 15:51:01,C,5,812
3.2.2018 16:01:01,C,6,001
3.2.2018 16:11:01,C,6,126
3.2.2018 16:21:01,C,6,567
3.2.2018 16:31:01,C,6,441
3.2.2018 16:41:01,C,7,258
3.2.2018 16:51:01,C,7,07
3.2.2018 17:01:01,C,7,133
3.2.2018 17:11:01,C,7,699
3.2.2018 17:21:01,C,7,824
3.2.2018 17:31:01,C,7,636
3.2.2018 17:41:01,C,7,384
3.2.2018 17:51:01,C,7,636
3.2.2018 18:01:01,C,8,013
3.2.2018 18:11:01,C,8,076
3.2.2018 18:21:01,C,8,076
3.2.2018 18:31:01,C,7,95
3.2.2018 18:41:01,C,7,887
3.2.2018 18:51:01,C,7,761
3.2.2018 19:01:01,C,7,321
3.2.2018 19:11:01,C,7,258
3.2.2018 19:21:01,C,7,321
3.2.2018 19:31:01,C,7,196
3.2.2018 19:41:01,C,7,007
3.2.2018 19:51:01,C,6,881
3.2.2018 20:01:01,C,6,755
3.2.2018 20:11:01,C,6,567
3.2.2018 20:21:01,C,6,378
3.2.2018 20:31:01,C,6,252
3.2.2018 20:41:01,C,6,189
3.2.2018 20:51:01,C,6,001
3.2.2018 21:01:01,C,5,875
3.2.2018 21:11:01,C,5,749
3.2.2018 21:21:01,C,5,686
3.2.2018 21:31:01,C,5,56
3.2.2018 21:41:01,C,5,309
3.2.2018 21:51:01,C,5,057
3.2.2018 22:01:01,C,4,805
3.2.2018 22:11:01,C,4,554
3.2.2018 22:21:01,C,4,365
3.2.2018 22:31:01,C,4,239
3.2.2018 22:41:01,C,4,05
3.2.2018 22:51:01,C,3,924
3.2.2018 23:01:01,C,3,798
3.2.2018 23:11:01,C,3,609
3.2.2018 23:21:01,C,3,421
3.2.2018 23:31:01,C,3,232
3.2.2018 23:41:01,C,3,043
3.2.2018 23:51:01,C,2,917
4.2.2018 0:01:01,C,2,728
4.2.2018 0:11:01,C,2,539
4.2.2018 0:21:01,C,2,413
4.2.2018 0:31:01,C,2,35
4.2.2018 0:41:01,C,2,287
4.2.2018 0:51:01,C,2,224
4.2.2018 1:01:01,C,2,224
4.2.2018 1:11:01,C,2,224
4.2.2018 1:21:01,C,2,35
4.2.2018 1:31:01,C,2,413
4.2.2018 1:41:01,C,2,35
4.2.2018 1:51:01,C,2,35
4.2.2018 2:01:01,C,2,161
4.2.2018 2:11:01,C,2,224
4.2.2018 2:21:01,C,2,224
4.2.2018 2:31:01,C,2,35
4.2.2018 2:41:01,C,2,224
4.2.2018 2:51:01,C,2,098
4.2.2018 3:01:01,C,2,161
4.2.2018 3:11:01,C,2,035
4.2.2018 3:21:01,C,1,72
4.2.2018 3:31:01,C,1,594
4.2.2018 3:41:01,C,1,531
4.2.2018 3:51:01,C,1,531
4.2.2018 4:01:01,C,1,468
4.2.2018 4:11:01,C,1,468
4.2.2018 4:21:01,C,1,405
4.2.2018 4:31:01,C,1,405
4.2.2018 4:41:01,C,1,405
4.2.2018 4:51:01,C,1,468
4.2.2018 5:01:01,C,1,468
4.2.2018 5:11:01,C,1,468
4.2.2018 5:21:01,C,1,531
4.2.2018 5:31:01,C,1,468
4.2.2018 5:41:01,C,1,405
4.2.2018 5:51:01,C,1,468
4.2.2018 6:01:01,C,1,468
4.2.2018 6:11:01,C,1,531
4.2.2018 6:21:01,C,1,594
4.2.2018 6:31:01,C,1,594
4.2.2018 6:41:01,C,1,657
4.2.2018 6:51:01,C,1,657
4.2.2018 7:01:01,C,1,657
4.2.2018 7:11:01,C,1,657
4.2.2018 7:21:01,C,1,657
4.2.2018 7:31:01,C,1,657
4.2.2018 7:41:01,C,1,72
4.2.2018 7:51:01,C,1,846
4.2.2018 8:01:01,C,1,909
4.2.2018 8:11:01,C,1,972
4.2.2018 8:21:01,C,2,035
4.2.2018 8:31:01,C,2,098
4.2.2018 8:41:01,C,2,161
4.2.2018 8:51:01,C,2,224
4.2.2018 9:01:01,C,2,287
4.2.2018 9:11:01,C,2,35
4.2.2018 9:21:01,C,2,476
4.2.2018 9:31:01,C,2,539
4.2.2018 9:41:01,C,2,602
4.2.2018 9:51:01,C,2,728
4.2.2018 10:01:01,C,2,791
4.2.2018 10:11:01,C,2,917
4.2.2018 10:21:01,C,3,043
4.2.2018 10:31:01,C,3,232
4.2.2018 10:41:01,C,3,547
4.2.2018 10:51:01,C,3,798
4.2.2018 11:01:01,C,3,672
4.2.2018 11:11:01,C,3,735
4.2.2018 11:21:01,C,3,798
4.2.2018 11:31:01,C,3,924
4.2.2018 11:41:01,C,4,05
4.2.2018 11:51:01,C,4,176
4.2.2018 12:01:01,C,4,302
4.2.2018 12:11:01,C,4,365
4.2.2018 12:21:01,C,4,365
4.2.2018 12:31:01,C,4,428
4.2.2018 12:41:01,C,4,365
4.2.2018 12:51:01,C,4,491
4.2.2018 13:01:01,C,4,617
4.2.2018 13:11:01,C,4,742
4.2.2018 13:21:01,C,4,742
4.2.2018 13:31:01,C,4,868
4.2.2018 13:41:01,C,5,057
4.2.2018 13:51:01,C,5,057
4.2.2018 14:01:01,C,4,931
4.2.2018 14:11:01,C,4,868
4.2.2018 14:21:01,C,4,931
4.2.2018 14:31:01,C,4,994
4.2.2018 14:41:01,C,5,12
4.2.2018 14:51:01,C,5,183
4.2.2018 15:01:01,C,5,183
4.2.2018 15:11:01,C,5,246
4.2.2018 15:21:01,C,5,246
4.2.2018 15:31:01,C,5,12
4.2.2018 15:41:01,C,5,057
4.2.2018 15:51:01,C,5,057
4.2.2018 16:01:01,C,4,994
4.2.2018 16:11:01,C,5,12
4.2.2018 16:21:01,C,5,183
4.2.2018 16:31:01,C,5,057
4.2.2018 16:41:01,C,4,994
4.2.2018 16:51:01,C,4,931
4.2.2018 17:01:01,C,4,868
4.2.2018 17:11:01,C,4,805
4.2.2018 17:21:01,C,4,742
4.2.2018 17:31:01,C,4,679
4.2.2018 17:41:01,C,4,679
4.2.2018 17:51:01,C,4,742
4.2.2018 18:01:01,C,4,679
4.2.2018 18:11:01,C,4,554
4.2.2018 18:21:01,C,4,554
4.2.2018 18:31:01,C,4,428
4.2.2018 18:41:01,C,4,365
4.2.2018 18:51:01,C,4,302
4.2.2018 19:01:01,C,4,239
4.2.2018 19:11:01,C,4,176
4.2.2018 19:21:01,C,4,302
4.2.2018 19:31:01,C,4,239
4.2.2018 19:41:01,C,4,113
4.2.2018 19:51:01,C,4,05
4.2.2018 20:01:01,C,3,987
4.2.2018 20:11:01,C,3,924
4.2.2018 20:21:01,C,4,05
4.2.2018 20:31:01,C,3,987
4.2.2018 20:41:01,C,3,861
4.2.2018 20:51:01,C,3,735
4.2.2018 21:01:01,C,3,735
4.2.2018 21:11:01,C,3,547
4.2.2018 21:21:01,C,3,547
4.2.2018 21:31:01,C,3,421
4.2.2018 21:41:01,C,3,295
4.2.2018 21:51:01,C,3,232
4.2.2018 22:01:01,C,3,106
4.2.2018 22:11:01,C,2,98
4.2.2018 22:21:01,C,2,917
4.2.2018 22:31:01,C,2,854
4.2.2018 22:41:01,C,2,791
4.2.2018 22:51:01,C,2,728
4.2.2018 23:01:01,C,2,665
4.2.2018 23:11:01,C,2,602
4.2.2018 23:21:01,C,2,539
4.2.2018 23:31:01,C,2,539
4.2.2018 23:41:01,C,2,476
4.2.2018 23:51:01,C,2,413
5.2.2018 0:01:01,C,2,35
5.2.2018 0:11:01,C,2,35
5.2.2018 0:21:01,C,2,35
5.2.2018 0:31:01,C,2,287
5.2.2018 0:41:01,C,2,287
5.2.2018 0:51:01,C,2,224
5.2.2018 1:01:01,C,2,224
5.2.2018 1:11:01,C,2,224
5.2.2018 1:21:01,C,2,224
5.2.2018 1:31:01,C,2,161
5.2.2018 1:41:01,C,2,161
5.2.2018 1:51:01,C,2,098
5.2.2018 2:01:01,C,2,098
5.2.2018 2:11:01,C,2,098
5.2.2018 2:21:01,C,2,098
5.2.2018 2:31:01,C,2,098
5.2.2018 2:41:01,C,2,098
5.2.2018 2:51:01,C,2,098
5.2.2018 3:01:01,C,2,035
5.2.2018 3:11:01,C,2,035
5.2.2018 3:21:01,C,1,972
5.2.2018 3:31:01,C,2,035
5.2.2018 3:41:01,C,1,972
5.2.2018 3:51:01,C,1,972
5.2.2018 4:01:01,C,2,035
5.2.2018 4:11:01,C,2,035
5.2.2018 4:21:01,C,1,972
5.2.2018 4:31:01,C,1,972
5.2.2018 4:41:01,C,1,909
5.2.2018 4:51:01,C,1,909
5.2.2018 5:01:01,C,1,909
5.2.2018 5:11:01,C,1,909
5.2.2018 5:21:01,C,1,909
5.2.2018 5:31:01,C,1,909
5.2.2018 5:41:01,C,1,909
5.2.2018 5:51:01,C,1,909
5.2.2018 6:01:01,C,1,909
5.2.2018 6:11:01,C,1,909
5.2.2018 6:21:01,C,1,909
5.2.2018 6:31:01,C,1,909
5.2.2018 6:41:01,C,1,909
5.2.2018 6:51:01,C,1,972
5.2.2018 7:01:01,C,1,972
5.2.2018 7:11:01,C,1,972
5.2.2018 7:21:01,C,1,972
5.2.2018 7:31:01,C,1,909
5.2.2018 7:41:01,C,1,972
5.2.2018 7:51:01,C,2,098
5.2.2018 8:01:01,C,2,098
5.2.2018 8:11:01,C,2,224
5.2.2018 8:21:01,C,2,224
5.2.2018 8:31:01,C,2,224
5.2.2018 8:41:01,C,2,224
5.2.2018 8:51:01,C,2,287
5.2.2018 9:01:01,C,2,35
5.2.2018 9:11:01,C,2,413
5.2.2018 9:21:01,C,2,476
5.2.2018 9:31:01,C,2,476
5.2.2018 9:41:01,C,2,539
5.2.2018 9:51:01,C,2,602
5.2.2018 10:01:01,C,2,602
5.2.2018 10:11:01,C,2,602
5.2.2018 10:21:01,C,2,602
5.2.2018 10:31:01,C,2,665
5.2.2018 10:41:01,C,2,728
5.2.2018 10:51:01,C,2,728
5.2.2018 11:01:01,C,2,728
5.2.2018 11:11:01,C,2,791
5.2.2018 11:21:01,C,2,791
5.2.2018 11:31:01,C,2,791
5.2.2018 11:41:01,C,2,791
5.2.2018 11:51:01,C,2,791
5.2.2018 12:01:01,C,2,791
5.2.2018 12:11:01,C,2,854
5.2.2018 12:21:01,C,2,854
5.2.2018 12:31:01,C,2,854
5.2.2018 12:41:01,C,2,854
5.2.2018 12:51:01,C,2,854
5.2.2018 13:01:01,C,2,917
5.2.2018 13:11:01,C,2,917
5.2.2018 13:21:01,C,2,917
5.2.2018 13:31:01,C,2,917
5.2.2018 13:41:01,C,2,98
5.2.2018 13:51:01,C,2,917
5.2.2018 14:01:01,C,2,917
5.2.2018 14:11:01,C,2,917
5.2.2018 14:21:01,C,2,98
5.2.2018 14:31:01,C,2,98
5.2.2018 14:41:01,C,2,917
5.2.2018 14:51:01,C,2,98
5.2.2018 15:01:01,C,2,98
5.2.2018 15:11:01,C,2,98
5.2.2018 15:21:01,C,2,98
5.2.2018 15:31:01,C,2,917
5.2.2018 15:41:01,C,2,917
5.2.2018 15:51:01,C,2,917
5.2.2018 16:01:01,C,2,854
5.2.2018 16:11:01,C,2,98
5.2.2018 16:21:01,C,2,917
5.2.2018 16:31:01,C,2,917
5.2.2018 16:41:01,C,2,917
5.2.2018 16:51:01,C,2,917
5.2.2018 17:01:01,C,2,917
5.2.2018 17:11:01,C,2,854
5.2.2018 17:21:01,C,2,854
5.2.2018 17:31:01,C,2,791
5.2.2018 17:41:01,C,2,791
5.2.2018 17:51:01,C,2,728
5.2.2018 18:01:01,C,2,728
5.2.2018 18:11:01,C,2,728
5.2.2018 18:21:01,C,2,665
5.2.2018 18:31:01,C,2,665
5.2.2018 18:41:01,C,2,665
5.2.2018 18:51:01,C,2,602
5.2.2018 19:01:01,C,2,602
5.2.2018 19:11:01,C,2,539
5.2.2018 19:21:01,C,2,476
5.2.2018 19:31:01,C,2,476
5.2.2018 19:41:01,C,2,476
5.2.2018 19:51:01,C,2,413
5.2.2018 20:01:01,C,2,413
5.2.2018 20:11:01,C,2,413
5.2.2018 20:21:01,C,2,35
5.2.2018 20:31:01,C,2,35
5.2.2018 20:41:01,C,2,287
5.2.2018 20:51:01,C,2,287
5.2.2018 21:01:01,C,2,224
5.2.2018 21:11:01,C,2,224
5.2.2018 21:21:01,C,2,161
5.2.2018 21:31:01,C,2,161
5.2.2018 21:41:01,C,2,161
5.2.2018 21:51:01,C,2,098
5.2.2018 22:01:01,C,2,098
5.2.2018 22:11:01,C,2,035
5.2.2018 22:21:01,C,2,035
5.2.2018 22:31:01,C,2,035
5.2.2018 22:41:01,C,1,972
5.2.2018 22:51:01,C,1,972
5.2.2018 23:01:01,C,1,972
5.2.2018 23:11:01,C,1,972
5.2.2018 23:21:01,C,1,909
5.2.2018 23:31:01,C,1,909
5.2.2018 23:41:01,C,1,909
5.2.2018 23:51:01,C,1,846
6.2.2018 0:01:01,C,1,846
6.2.2018 0:11:01,C,1,846
6.2.2018 0:21:01,C,1,846
6.2.2018 0:31:01,C,1,783
6.2.2018 0:41:01,C,1,783
6.2.2018 0:51:01,C,1,783
6.2.2018 1:01:01,C,1,72
6.2.2018 1:11:01,C,1,72
6.2.2018 1:21:01,C,1,72
6.2.2018 1:31:01,C,1,72
6.2.2018 1:41:01,C,1,657
6.2.2018 1:51:01,C,1,657
6.2.2018 2:01:01,C,1,657
6.2.2018 2:11:01,C,1,657
6.2.2018 2:21:01,C,1,657
6.2.2018 2:31:01,C,1,594
6.2.2018 2:41:01,C,1,594
6.2.2018 2:51:01,C,1,594
6.2.2018 3:01:01,C,1,594
6.2.2018 3:11:01,C,1,594
6.2.2018 3:21:01,C,1,594
6.2.2018 3:31:01,C,1,594
6.2.2018 3:41:01,C,1,594
6.2.2018 3:51:01,C,1,594
6.2.2018 4:01:01,C,1,594
6.2.2018 4:11:01,C,1,531
6.2.2018 4:21:01,C,1,531
6.2.2018 4:31:01,C,1,531
6.2.2018 4:41:01,C,1,531
6.2.2018 4:51:01,C,1,531
6.2.2018 5:01:01,C,1,531
6.2.2018 5:11:01,C,1,531
6.2.2018 5:21:01,C,1,531
6.2.2018 5:31:01,C,1,531
6.2.2018 5:41:01,C,1,531
6.2.2018 5:51:01,C,1,594
6.2.2018 6:01:01,C,1,594
6.2.2018 6:11:01,C,1,594
6.2.2018 6:21:01,C,1,594
6.2.2018 6:31:01,C,1,594
6.2.2018 6:41:01,C,1,594
6.2.2018 6:51:01,C,1,594
6.2.2018 7:01:01,C,1,657
6.2.2018 7:11:01,C,1,657
6.2.2018 7:21:01,C,1,657
6.2.2018 7:31:01,C,1,657
6.2.2018 7:41:01,C,1,657
6.2.2018 7:51:01,C,1,72
6.2.2018 8:01:01,C,1,72
6.2.2018 8:11:01,C,1,783
6.2.2018 8:21:01,C,1,783
6.2.2018 8:31:01,C,1,783
6.2.2018 8:41:01,C,1,846
6.2.2018 8:51:01,C,1,846
6.2.2018 9:01:01,C,1,846
6.2.2018 9:11:01,C,1,846
6.2.2018 9:21:01,C,1,909
6.2.2018 9:31:01,C,1,909
6.2.2018 9:41:01,C,1,972
6.2.2018 9:51:01,C,1,972
6.2.2018 10:01:01,C,2,035
6.2.2018 10:11:01,C,2,098
6.2.2018 10:21:01,C,2,098
6.2.2018 10:31:01,C,2,161
6.2.2018 10:41:01,C,2,224
6.2.2018 10:51:01,C,2,287
6.2.2018 11:01:01,C,2,35
6.2.2018 11:11:01,C,2,35
6.2.2018 11:21:01,C,2,413
6.2.2018 11:31:01,C,2,413
6.2.2018 11:41:01,C,2,476
6.2.2018 11:51:01,C,2,539
6.2.2018 12:01:01,C,2,602
6.2.2018 12:11:01,C,2,728
6.2.2018 12:21:01,C,2,854
6.2.2018 12:31:01,C,2,917
6.2.2018 12:41:01,C,2,98
6.2.2018 12:51:01,C,3,043
6.2.2018 13:01:01,C,3,106
6.2.2018 13:11:01,C,3,169
6.2.2018 13:21:01,C,3,295
6.2.2018 13:31:01,C,3,358
6.2.2018 13:41:01,C,3,484
6.2.2018 13:51:01,C,3,609
6.2.2018 14:01:01,C,3,735
6.2.2018 14:11:01,C,3,924
6.2.2018 14:21:01,C,3,987
6.2.2018 14:31:01,C,4,113
6.2.2018 14:41:01,C,4,239
6.2.2018 14:51:01,C,4,428
6.2.2018 15:01:01,C,4,617
6.2.2018 15:11:01,C,4,742
6.2.2018 15:21:01,C,4,805
6.2.2018 15:31:01,C,4,868
6.2.2018 15:41:01,C,4,868
6.2.2018 15:51:01,C,4,931
6.2.2018 16:01:01,C,4,931
6.2.2018 16:11:01,C,5,057
6.2.2018 16:21:01,C,5,246
6.2.2018 16:31:01,C,5,246
6.2.2018 16:41:01,C,5,372
6.2.2018 16:51:01,C,5,435
6.2.2018 17:01:01,C,5,435
6.2.2018 17:11:01,C,5,435
6.2.2018 17:21:01,C,5,497
6.2.2018 17:31:01,C,5,623
6.2.2018 17:41:01,C,5,56
6.2.2018 17:51:01,C,5,56
6.2.2018 18:01:01,C,5,623
6.2.2018 18:11:01,C,5,623
6.2.2018 18:21:01,C,5,56
6.2.2018 18:31:01,C,5,623
6.2.2018 18:41:01,C,5,623
6.2.2018 18:51:01,C,5,497
6.2.2018 19:01:01,C,5,435
6.2.2018 19:11:01,C,5,372
6.2.2018 19:21:01,C,5,246
6.2.2018 19:31:01,C,5,12
6.2.2018 19:41:01,C,4,994
6.2.2018 19:51:01,C,4,868
6.2.2018 20:01:01,C,4,742
6.2.2018 20:11:01,C,4,617
6.2.2018 20:21:01,C,4,491
6.2.2018 20:31:01,C,4,428
6.2.2018 20:41:01,C,4,302
6.2.2018 20:51:01,C,4,239
6.2.2018 21:01:01,C,4,05
6.2.2018 21:11:01,C,3,987
6.2.2018 21:21:01,C,3,861
6.2.2018 21:31:01,C,3,735
6.2.2018 21:41:01,C,3,672
6.2.2018 21:51:01,C,3,547
6.2.2018 22:01:01,C,3,421
6.2.2018 22:11:01,C,3,295
6.2.2018 22:21:01,C,3,169
6.2.2018 22:31:01,C,3,043
6.2.2018 22:41:01,C,2,854
6.2.2018 22:51:01,C,2,791
6.2.2018 23:01:01,C,2,602
6.2.2018 23:11:01,C,2,539
6.2.2018 23:21:01,C,2,413
6.2.2018 23:31:01,C,2,287
6.2.2018 23:41:01,C,2,161
6.2.2018 23:51:01,C,2,035
7.2.2018 0:01:01,C,1,846
7.2.2018 0:11:01,C,1,72
7.2.2018 0:21:01,C,1,594
7.2.2018 0:31:01,C,1,531
7.2.2018 0:41:01,C,1,342
7.2.2018 0:51:01,C,1,216
7.2.2018 1:01:01,C,1,09
7.2.2018 1:11:01,C,1,027
7.2.2018 1:21:01,C,1,09
7.2.2018 1:31:01,C,1,027
7.2.2018 1:41:01,C,0,964
7.2.2018 1:51:01,C,1,027
7.2.2018 2:01:01,C,0,901
7.2.2018 2:11:01,C,0,712
7.2.2018 2:21:01,C,0,775
7.2.2018 2:31:01,C,0,901
7.2.2018 2:41:01,C,0,901
7.2.2018 2:51:01,C,0,712
7.2.2018 3:01:01,C,0,586
7.2.2018 3:11:01,C,0,46
7.2.2018 3:21:01,C,0,334
7.2.2018 3:31:01,C,0,46
7.2.2018 3:41:01,C,0,397
7.2.2018 3:51:01,C,0,334
7.2.2018 4:01:01,C,0,397
7.2.2018 4:11:01,C,0,397
7.2.2018 4:21:01,C,0,397
7.2.2018 4:31:01,C,0,46
7.2.2018 4:41:01,C,0,397
7.2.2018 4:51:01,C,0,397
7.2.2018 5:01:01,C,0,46
7.2.2018 5:11:01,C,0,46
7.2.2018 5:21:01,C,0,46
7.2.2018 5:31:01,C,0,46
7.2.2018 5:41:01,C,0,586
7.2.2018 5:51:01,C,0,586
7.2.2018 6:01:01,C,0,586
7.2.2018 6:11:01,C,0,649
7.2.2018 6:21:01,C,0,649
7.2.2018 6:31:01,C,0,712
7.2.2018 6:41:01,C,0,838
7.2.2018 6:51:01,C,0,775
7.2.2018 7:01:01,C,0,964
7.2.2018 7:11:01,C,0,775
7.2.2018 7:21:01,C,0,901
7.2.2018 7:31:01,C,0,901
7.2.2018 7:41:01,C,1,027
7.2.2018 7:51:01,C,0,901
7.2.2018 8:01:01,C,1,027
7.2.2018 8:11:01,C,1,216
7.2.2018 8:21:01,C,1,342
7.2.2018 8:31:01,C,1,342
7.2.2018 8:41:01,C,1,468
7.2.2018 8:51:01,C,1,405
7.2.2018 9:01:01,C,1,594
7.2.2018 9:11:01,C,1,72
7.2.2018 9:21:01,C,1,72
7.2.2018 9:31:01,C,1,657
7.2.2018 9:41:01,C,1,846
7.2.2018 9:51:01,C,1,909
7.2.2018 10:01:01,C,2,098
7.2.2018 10:11:01,C,2,287
7.2.2018 10:21:01,C,2,413
7.2.2018 10:31:01,C,2,728
7.2.2018 10:41:01,C,2,602
7.2.2018 10:51:01,C,2,791
7.2.2018 11:01:01,C,2,665
7.2.2018 11:11:01,C,2,791
7.2.2018 11:21:01,C,3,043
7.2.2018 11:31:01,C,3,169
7.2.2018 11:41:01,C,3,295
7.2.2018 11:51:01,C,3,484
7.2.2018 12:01:01,C,3,484
7.2.2018 12:11:01,C,3,547
7.2.2018 12:21:01,C,3,421
7.2.2018 12:31:01,C,3,672
7.2.2018 12:41:01,C,3,672
7.2.2018 12:51:01,C,3,861
7.2.2018 13:01:01,C,4,05
7.2.2018 13:11:01,C,4,176
7.2.2018 13:21:01,C,4,365
7.2.2018 13:31:01,C,4,428
7.2.2018 13:41:01,C,4,491
7.2.2018 13:51:01,C,4,491
7.2.2018 14:01:01,C,4,491
7.2.2018 14:11:01,C,4,365
7.2.2018 14:21:01,C,4,428
7.2.2018 14:31:01,C,4,931
7.2.2018 14:41:01,C,4,994
7.2.2018 14:51:01,C,4,931
7.2.2018 15:01:01,C,4,868
7.2.2018 15:11:01,C,4,931
7.2.2018 15:21:01,C,5,057
7.2.2018 15:31:01,C,5,12
7.2.2018 15:41:01,C,5,183
7.2.2018 15:51:01,C,5,183
7.2.2018 16:01:01,C,5,183
7.2.2018 16:11:01,C,5,435
7.2.2018 16:21:01,C,5,623
7.2.2018 16:31:01,C,5,686
7.2.2018 16:41:01,C,5,749
7.2.2018 16:51:01,C,5,812
7.2.2018 17:01:01,C,5,812
7.2.2018 17:11:01,C,6,001
7.2.2018 17:21:01,C,6,064
7.2.2018 17:31:01,C,6,064
7.2.2018 17:41:01,C,6,064
7.2.2018 17:51:01,C,6,064
7.2.2018 18:01:01,C,5,875
7.2.2018 18:11:01,C,5,812
7.2.2018 18:21:01,C,5,749
7.2.2018 18:31:01,C,5,686
7.2.2018 18:41:01,C,5,686
7.2.2018 18:51:01,C,5,56
7.2.2018 19:01:01,C,5,435
7.2.2018 19:11:01,C,5,372
7.2.2018 19:21:01,C,5,183
7.2.2018 19:31:01,C,5,183
7.2.2018 19:41:01,C,5,057
7.2.2018 19:51:01,C,4,931
7.2.2018 20:01:01,C,4,805
7.2.2018 20:11:01,C,4,742
7.2.2018 20:21:01,C,4,617
7.2.2018 20:31:01,C,4,554
7.2.2018 20:41:01,C,4,491
7.2.2018 20:51:01,C,4,428
7.2.2018 21:01:01,C,4,302
7.2.2018 21:11:01,C,4,113
7.2.2018 21:21:01,C,3,924
7.2.2018 21:31:01,C,3,735
7.2.2018 21:41:01,C,3,547
7.2.2018 21:51:01,C,3,295
7.2.2018 22:01:01,C,3,106
7.2.2018 22:11:01,C,2,917
7.2.2018 22:21:01,C,2,728
7.2.2018 22:31:01,C,2,602
7.2.2018 22:41:01,C,2,413
7.2.2018 22:51:01,C,2,287
7.2.2018 23:01:01,C,2,161
7.2.2018 23:11:01,C,2,035
7.2.2018 23:21:01,C,1,972
7.2.2018 23:31:01,C,1,909
7.2.2018 23:41:01,C,1,846
7.2.2018 23:51:01,C,1,846
8.2.2018 0:01:01,C,1,846
8.2.2018 0:11:01,C,1,846
8.2.2018 0:21:01,C,1,909
8.2.2018 0:31:01,C,1,846
8.2.2018 0:41:01,C,1,909
8.2.2018 0:51:01,C,1,909
8.2.2018 1:01:01,C,2,035
8.2.2018 1:11:01,C,2,098
8.2.2018 1:21:01,C,2,035
8.2.2018 1:31:01,C,2,035
8.2.2018 1:41:01,C,1,972
8.2.2018 1:51:01,C,2,098
8.2.2018 2:01:01,C,2,035
8.2.2018 2:11:01,C,2,035
8.2.2018 2:21:01,C,1,972
8.2.2018 2:31:01,C,1,909
8.2.2018 2:41:01,C,1,846
8.2.2018 2:51:01,C,1,783
8.2.2018 3:01:01,C,1,72
8.2.2018 3:11:01,C,1,657
8.2.2018 3:21:01,C,1,657
8.2.2018 3:31:01,C,1,594
8.2.2018 3:41:01,C,1,594
8.2.2018 3:51:01,C,1,657
8.2.2018 4:01:01,C,1,657
8.2.2018 4:11:01,C,1,657
8.2.2018 4:21:01,C,1,594
8.2.2018 4:31:01,C,1,72
8.2.2018 4:41:01,C,1,594
8.2.2018 4:51:01,C,1,531
8.2.2018 5:01:01,C,1,468
8.2.2018 5:11:01,C,1,468
8.2.2018 5:21:01,C,1,342
8.2.2018 5:31:01,C,1,342
8.2.2018 5:41:01,C,1,342
8.2.2018 5:51:01,C,1,279
8.2.2018 6:01:01,C,1,279
8.2.2018 6:11:01,C,1,279
8.2.2018 6:21:01,C,1,468
8.2.2018 6:31:01,C,1,594
8.2.2018 6:41:01,C,1,72
8.2.2018 6:51:01,C,1,657
8.2.2018 7:01:01,C,1,657
8.2.2018 7:11:01,C,1,657
8.2.2018 7:21:01,C,1,72
8.2.2018 7:31:01,C,1,783
8.2.2018 7:41:01,C,1,846
8.2.2018 7:51:01,C,1,972
8.2.2018 8:01:01,C,2,035
8.2.2018 8:11:01,C,2,098
8.2.2018 8:21:01,C,2,161
8.2.2018 8:31:01,C,2,413
8.2.2018 8:41:01,C,2,35
8.2.2018 8:51:01,C,2,413
8.2.2018 9:01:01,C,2,539
8.2.2018 9:11:01,C,2,539
8.2.2018 9:21:01,C,2,728
8.2.2018 9:31:01,C,2,728
8.2.2018 9:41:01,C,2,791
8.2.2018 9:51:01,C,2,854
8.2.2018 10:01:01,C,2,98
8.2.2018 10:11:01,C,3,169
8.2.2018 10:21:01,C,3,232
8.2.2018 10:31:01,C,3,295
8.2.2018 10:41:01,C,3,358
8.2.2018 10:51:01,C,3,484
8.2.2018 11:01:01,C,3,547
8.2.2018 11:11:01,C,3,547
8.2.2018 11:21:01,C,3,547
8.2.2018 11:31:01,C,3,609
8.2.2018 11:41:01,C,3,672
8.2.2018 11:51:01,C,3,672
8.2.2018 12:01:01,C,3,735
8.2.2018 12:11:01,C,3,735
8.2.2018 12:21:01,C,3,798
8.2.2018 12:31:01,C,3,861
8.2.2018 12:41:01,C,3,798
8.2.2018 12:51:01,C,3,735
8.2.2018 13:01:01,C,3,798
8.2.2018 13:11:01,C,3,861
8.2.2018 13:21:01,C,4,05
8.2.2018 13:31:01,C,4,302
8.2.2018 13:41:01,C,4,491
8.2.2018 13:51:01,C,4,679
8.2.2018 14:01:01,C,4,679
8.2.2018 14:11:01,C,4,679
8.2.2018 14:21:01,C,4,617
8.2.2018 14:31:01,C,4,617
8.2.2018 14:41:01,C,4,679
8.2.2018 14:51:01,C,4,679
8.2.2018 15:01:01,C,4,617
8.2.2018 15:11:01,C,4,617
8.2.2018 15:21:01,C,4,617
8.2.2018 15:31:01,C,4,617
8.2.2018 15:41:01,C,4,617
8.2.2018 15:51:01,C,4,617
8.2.2018 16:01:01,C,4,617
8.2.2018 16:11:01,C,4,554
8.2.2018 16:21:01,C,4,491
8.2.2018 16:31:01,C,4,428
8.2.2018 16:41:01,C,4,365
8.2.2018 16:51:01,C,4,239
8.2.2018 17:01:01,C,4,176
8.2.2018 17:11:01,C,4,113
8.2.2018 17:21:01,C,3,987
8.2.2018 17:31:01,C,3,987
8.2.2018 17:41:01,C,3,987
8.2.2018 17:51:01,C,3,987
8.2.2018 18:01:01,C,3,924
8.2.2018 18:11:01,C,3,798
8.2.2018 18:21:01,C,3,672
8.2.2018 18:31:01,C,3,609
8.2.2018 18:41:01,C,3,484
8.2.2018 18:51:01,C,3,421
8.2.2018 19:01:01,C,3,358
8.2.2018 19:11:01,C,3,295
8.2.2018 19:21:01,C,3,232
8.2.2018 19:31:01,C,3,169
8.2.2018 19:41:01,C,3,106
8.2.2018 19:51:01,C,3,043
8.2.2018 20:01:01,C,3,043
8.2.2018 20:11:01,C,2,98
8.2.2018 20:21:01,C,2,917
8.2.2018 20:31:01,C,2,854
8.2.2018 20:41:01,C,2,791
8.2.2018 20:51:01,C,2,728
8.2.2018 21:01:01,C,2,728
8.2.2018 21:11:01,C,2,665
8.2.2018 21:21:01,C,2,602
8.2.2018 21:31:01,C,2,539
8.2.2018 21:41:01,C,2,539
8.2.2018 21:51:01,C,2,476
8.2.2018 22:01:01,C,2,413
8.2.2018 22:11:01,C,2,35
8.2.2018 22:21:01,C,2,287
8.2.2018 22:31:01,C,2,224
8.2.2018 22:41:01,C,2,224
8.2.2018 22:51:01,C,2,161
8.2.2018 23:01:01,C,2,098
8.2.2018 23:11:01,C,2,098
8.2.2018 23:21:01,C,2,035
8.2.2018 23:31:01,C,2,035
8.2.2018 23:41:01,C,1,972
8.2.2018 23:51:01,C,1,972
9.2.2018 0:01:01,C,1,909
9.2.2018 0:11:01,C,1,909
9.2.2018 0:21:01,C,1,846
9.2.2018 0:31:01,C,1,846
9.2.2018 0:41:01,C,1,783
9.2.2018 0:51:01,C,1,783
9.2.2018 1:01:01,C,1,72
9.2.2018 1:11:01,C,1,72
9.2.2018 1:21:01,C,1,72
9.2.2018 1:31:01,C,1,657
9.2.2018 1:41:01,C,1,657
9.2.2018 1:51:01,C,1,657
9.2.2018 2:01:01,C,1,594
9.2.2018 2:11:01,C,1,594
9.2.2018 2:21:01,C,1,594
9.2.2018 2:31:01,C,1,531
9.2.2018 2:41:01,C,1,531
9.2.2018 2:51:01,C,1,531
9.2.2018 3:01:01,C,1,531
9.2.2018 3:11:01,C,1,531
9.2.2018 3:21:01,C,1,468
9.2.2018 3:31:01,C,1,468
9.2.2018 3:41:01,C,1,468
9.2.2018 3:51:01,C,1,468
9.2.2018 4:01:01,C,1,468
9.2.2018 4:11:01,C,1,405
9.2.2018 4:21:01,C,1,405
9.2.2018 4:31:01,C,1,405
9.2.2018 4:41:01,C,1,405
9.2.2018 4:51:01,C,1,405
9.2.2018 5:01:01,C,1,405
9.2.2018 5:11:01,C,1,405
9.2.2018 5:21:01,C,1,405
9.2.2018 5:31:01,C,1,405
9.2.2018 5:41:01,C,1,468
9.2.2018 5:51:01,C,1,468
9.2.2018 6:01:01,C,1,468
9.2.2018 6:11:01,C,1,468
9.2.2018 6:21:01,C,1,468
9.2.2018 6:31:01,C,1,468
9.2.2018 6:41:01,C,1,531
9.2.2018 6:51:01,C,1,594
9.2.2018 7:01:01,C,1,594
9.2.2018 7:11:01,C,1,594
9.2.2018 7:21:01,C,1,657
9.2.2018 7:31:01,C,1,72
9.2.2018 7:41:01,C,1,846
9.2.2018 7:51:01,C,1,909
9.2.2018 8:01:01,C,1,972
9.2.2018 8:11:01,C,2,035
9.2.2018 8:21:01,C,2,161
9.2.2018 8:31:01,C,2,224
9.2.2018 8:41:01,C,2,287
9.2.2018 8:51:01,C,2,287
9.2.2018 9:01:01,C,2,35
9.2.2018 9:11:01,C,2,35
9.2.2018 9:21:01,C,2,413
9.2.2018 9:31:01,C,2,476
9.2.2018 9:41:01,C,2,539
9.2.2018 9:51:01,C,2,665
9.2.2018 10:01:01,C,2,728
9.2.2018 10:11:01,C,2,791
9.2.2018 10:21:01,C,2,791
9.2.2018 10:31:01,C,2,854
9.2.2018 10:41:01,C,2,917
9.2.2018 10:51:01,C,2,98
9.2.2018 11:01:01,C,3,043
9.2.2018 11:11:01,C,3,043
9.2.2018 11:21:01,C,3,106
9.2.2018 11:31:01,C,3,169
9.2.2018 11:41:01,C,3,232
9.2.2018 11:51:01,C,3,295
9.2.2018 12:01:01,C,3,421
9.2.2018 12:11:01,C,3,547
9.2.2018 12:21:01,C,3,609
9.2.2018 12:31:01,C,3,672
9.2.2018 12:41:01,C,3,735
9.2.2018 12:51:01,C,3,798
9.2.2018 13:01:01,C,3,861
9.2.2018 13:11:01,C,3,924
9.2.2018 13:21:01,C,3,987
9.2.2018 13:31:01,C,4,491
9.2.2018 13:41:01,C,6,504
9.2.2018 13:51:01,C,14,23
9.2.2018 14:01:01,C,15,923
9.2.2018 14:11:01,C,18,993
9.2.2018 14:21:01,C,19,995
9.2.2018 14:31:01,C,21,81
9.2.2018 14:41:01,C,21,56
9.2.2018 14:51:01,C,20,434
9.2.2018 15:01:01,C,20,496
9.2.2018 15:11:01,C,23,374
9.2.2018 15:21:01,C,25,687
9.2.2018 15:31:01,C,21,623
9.2.2018 15:41:01,C,20,934
9.2.2018 15:51:01,C,21,623
9.2.2018 16:01:01,C,21,873
9.2.2018 16:11:01,C,22,436
9.2.2018 16:21:01,C,21,685
9.2.2018 16:31:01,C,22,061
9.2.2018 16:41:01,C,22,686
9.2.2018 16:51:01,C,21,998
9.2.2018 17:01:01,C,21,56
9.2.2018 17:11:01,C,21,372
9.2.2018 17:21:01,C,20,058
9.2.2018 17:31:01,C,19,557
9.2.2018 17:41:01,C,17,678
9.2.2018 17:51:01,C,15,547
9.2.2018 18:01:01,C,15,986
9.2.2018 18:11:01,C,15,421
9.2.2018 18:21:01,C,14,669
9.2.2018 18:31:01,C,13,79
9.2.2018 18:41:01,C,13,665
9.2.2018 18:51:01,C,13,288
9.2.2018 19:01:01,C,12,473
9.2.2018 19:11:01,C,13,1
9.2.2018 19:21:01,C,13,665
9.2.2018 19:31:01,C,13,79
9.2.2018 19:41:01,C,13,665
9.2.2018 19:51:01,C,14,857
9.2.2018 20:01:01,C,14,606
9.2.2018 20:11:01,C,14,481
9.2.2018 20:21:01,C,14,23
9.2.2018 20:31:01,C,14,104
9.2.2018 20:41:01,C,13,979
9.2.2018 20:51:01,C,13,979
9.2.2018 21:01:01,C,13,1
9.2.2018 21:11:01,C,12,41
9.2.2018 21:21:01,C,12,159
9.2.2018 21:31:01,C,12,41
9.2.2018 21:41:01,C,14,481
9.2.2018 21:51:01,C,15,672
9.2.2018 22:01:01,C,16,424
9.2.2018 22:11:01,C,16,988
9.2.2018 22:21:01,C,17,239
9.2.2018 22:31:01,C,17,803
9.2.2018 22:41:01,C,18,993
9.2.2018 22:51:01,C,19,307
9.2.2018 23:01:01,C,19,432
9.2.2018 23:11:01,C,19,432
9.2.2018 23:21:01,C,19,432
9.2.2018 23:31:01,C,19,432
9.2.2018 23:41:01,C,19,432
9.2.2018 23:51:01,C,19,432
10.2.2018 0:01:01,C,19,369
10.2.2018 0:11:01,C,19,369
10.2.2018 0:21:01,C,19,369
10.2.2018 0:31:01,C,19,307
10.2.2018 0:41:01,C,19,307
10.2.2018 0:51:01,C,19,307
10.2.2018 1:01:01,C,19,307
10.2.2018 1:11:01,C,19,307
10.2.2018 1:21:01,C,19,432
10.2.2018 1:31:01,C,19,557
10.2.2018 1:41:01,C,19,682
10.2.2018 1:51:01,C,19,557
10.2.2018 2:01:01,C,19,432
10.2.2018 2:11:01,C,19,369
10.2.2018 2:21:01,C,19,307
10.2.2018 2:31:01,C,19,307
10.2.2018 2:41:01,C,19,244
10.2.2018 2:51:01,C,19,244
10.2.2018 3:01:01,C,19,244
10.2.2018 3:11:01,C,19,181
10.2.2018 3:21:01,C,19,181
10.2.2018 3:31:01,C,19,181
10.2.2018 3:41:01,C,19,119
10.2.2018 3:51:01,C,19,119
10.2.2018 4:01:01,C,19,119
10.2.2018 4:11:01,C,19,119
10.2.2018 4:21:01,C,19,119
10.2.2018 4:31:01,C,19,119
10.2.2018 4:41:01,C,19,119
10.2.2018 4:51:01,C,19,056
10.2.2018 5:01:01,C,19,056
10.2.2018 5:11:01,C,19,056
10.2.2018 5:21:01,C,19,056
10.2.2018 5:31:01,C,19,056
10.2.2018 5:41:01,C,19,056
10.2.2018 5:51:01,C,19,056
10.2.2018 6:01:01,C,19,056
10.2.2018 6:11:01,C,19,056
10.2.2018 6:21:01,C,19,056
10.2.2018 6:31:01,C,19,056
10.2.2018 6:41:01,C,18,993
10.2.2018 6:51:01,C,18,993
10.2.2018 7:01:01,C,18,993
10.2.2018 7:11:01,C,18,993
10.2.2018 7:21:01,C,18,993
10.2.2018 7:31:01,C,18,993
10.2.2018 7:41:01,C,18,931
10.2.2018 7:51:01,C,18,931
10.2.2018 8:01:01,C,18,931
10.2.2018 8:11:01,C,18,931
10.2.2018 8:21:01,C,18,931
10.2.2018 8:31:01,C,18,931
10.2.2018 8:41:01,C,18,931
10.2.2018 8:51:01,C,18,931
10.2.2018 9:01:01,C,18,931
10.2.2018 9:11:01,C,18,931
10.2.2018 9:21:01,C,19,056
10.2.2018 9:31:01,C,19,119
10.2.2018 9:41:01,C,19,181
10.2.2018 9:51:01,C,19,244
10.2.2018 10:01:01,C,19,307
10.2.2018 10:11:01,C,19,369
10.2.2018 10:21:01,C,19,369
10.2.2018 10:31:01,C,19,494
10.2.2018 10:41:01,C,19,494
10.2.2018 10:51:01,C,19,432
10.2.2018 11:01:01,C,19,369
10.2.2018 11:11:01,C,19,494
10.2.2018 11:21:01,C,19,557
10.2.2018 11:31:01,C,19,557
10.2.2018 11:41:01,C,19,557
10.2.2018 11:51:01,C,19,494
10.2.2018 12:01:01,C,19,432
10.2.2018 12:11:01,C,19,432
10.2.2018 12:21:01,C,19,432
10.2.2018 12:31:01,C,19,557
10.2.2018 12:41:01,C,19,62
10.2.2018 12:51:01,C,19,933
10.2.2018 13:01:01,C,20,747
10.2.2018 13:11:01,C,20,747
10.2.2018 13:21:01,C,20,684
